Method,Average Silhouette score,Calinski-Harabasz score,Davies-Bouldin score,Homogeneity score,Completeness score,V-measure,Rand index,Adjusted Rand index,Mutual Information score,Adjusted Mutual Information score
PCA,0.362288507,40722.55622,0.809768532,0.363129677,0.238911941,0.288206042,0.697891748,0.053435097,0.663351424,0.286251876
t-SNE,0.522483945,56759.06232,0.673952177,0.386685434,0.25426401,0.306795458,0.70066225,0.062073494,0.706382181,0.304892603
Isomap,0.45045333,39267.9614,0.737732466,0.331820274,0.22615209,0.268980521,0.687657867,0.037132562,0.606156603,0.2669331
Laplacian Eigenmaps,0.539194526,201440.5058,0.521901305,0.32730057,0.213752539,0.258611684,0.696331386,0.045616869,0.59790018,0.256584705
Modified LLE,0.638356065,1179071.283,0.400106001,0.343874741,0.248881312,0.288766336,0.682258455,0.042098187,0.628177243,0.286803007
UMAP,0.522414267,54324.77433,0.643396566,0.375246599,0.246815395,0.297773014,0.699056796,0.056535036,0.685486154,0.295846007
